"id";"customerName";"customerAddress";"idState";"gender"
"1";"Gillian";"2598 Golf Course Way";"godea0@ask.com";"Female"
"2";"Johannes";"78928 Bayside Lane";"jhillock1@sciencedaily.com";"Male"
"3";"Merrie";"1 Utah Pass";"mricard2@uol.com.br";"Female"
"4";"Hale";"26 Buena Vista Hill";"hgioan3@nbcnews.com";"Male"
"5";"Kienan";"1947 Iowa Center";"kmacfadzean4@bigcartel.com";"Male"
"6";"Wandis";"0 Lukken Road";"wtaggerty5@ehow.com";"Female"
"7";"Valenka";"2 Birchwood Crossing";"vtevlin6@miibeian.gov.cn";"Female"
"8";"Warden";"6 Larry Hill";"wsterman7@hud.gov";"Male"
"9";"Vinny";"77 Melody Trail";"vcorser8@purevolume.com";"Female"
"10";"Ilyssa";"6 Pearson Crossing";"imacalaster9@indiegogo.com";"Female"
"11";"Frannie";"97 Schmedeman Drive";"fbambridgea@alexa.com";"Female"
"12";"Vic";"02 Washington Way";"vcocklieb@usa.gov";"Male"
"13";"Tanney";"8 Talisman Street";"tgoddenc@storify.com";"Male"
"14";"Chick";"7 Onsgard Parkway";"chelleckasd@house.gov";"Male"
"15";"Opaline";"5 Vernon Crossing";"ohelleckase@patch.com";"Female"
"16";"Clare";"0 Saint Paul Terrace";"cbromptonf@squarespace.com";"Male"
"17";"Brien";"87842 Crownhardt Trail";"bcolving@ebay.co.uk";"Male"
"18";"Arny";"88853 Rigney Alley";"abexonh@godaddy.com";"Male"
"19";"Izabel";"46 Lindbergh Street";"iscranei@rakuten.co.jp";"Female"
"20";"Roger";"9216 Dayton Way";"rambroschj@shutterfly.com";"Male"
"21";"Nollie";"024 Bowman Avenue";"ndaddak@mac.com";"Female"
"22";"Cybill";"65 Coleman Plaza";"cdaybornel@bbc.co.uk";"Female"
"23";"Ev";"98761 Loomis Lane";"ekeeltaghm@goodreads.com";"Male"
"24";"Jackquelin";"0369 Grasskamp Avenue";"jmalinsonn@reddit.com";"Female"
"25";"Sabine";"0 Evergreen Point";"scokero@i2i.jp";"Female"
"26";"Constantino";"81 Del Mar Circle";"ckoppensp@arstechnica.com";"Male"
"27";"Nicko";"14 Melby Circle";"ngookq@jalbum.net";"Male"
"28";"Darelle";"0 Grayhawk Avenue";"dausellor@elpais.com";"Female"
"29";"Westbrooke";"7972 Shoshone Lane";"wbradlaughs@businessinsider.com";"Male"
"30";"Elias";"07 Carey Avenue";"elehmannt@tripod.com";"Male"
"31";"Budd";"30 Oneill Terrace";"bkimmerlingu@economist.com";"Male"
"32";"Flem";"446 Nova Court";"fwelchv@harvard.edu";"Male"
"33";"Huntington";"2628 Mayfield Road";"hnationw@biblegateway.com";"Male"
"34";"Timi";"54750 Debra Alley";"tglassoppx@ustream.tv";"Female"
"35";"Sullivan";"90318 Westerfield Point";"sdomokosy@spiegel.de";"Male"
"36";"Rose";"33 Bunker Hill Junction";"rgammellz@angelfire.com";"Female"
"37";"Amelie";"04005 Cordelia Pass";"aiskower10@imgur.com";"Female"
"38";"Dwain";"5542 Orin Center";"donraet11@topsy.com";"Male"
"39";"Briggs";"981 Nova Terrace";"bcyseley12@ifeng.com";"Male"
"40";"Matthus";"0250 Pennsylvania Drive";"mblazey13@epa.gov";"Male"
"41";"Parke";"2 Claremont Pass";"pmulhall14@lycos.com";"Male"
"42";"Ruthie";"77 American Circle";"rmarl15@reference.com";"Female"
"43";"Ortensia";"43888 Sheridan Lane";"oridett16@hp.com";"Female"
"44";"Arther";"93286 Lakeland Street";"abeadell17@canalblog.com";"Male"
"45";"Sharl";"69467 Goodland Lane";"swooldridge18@cisco.com";"Female"
"46";"Sayres";"2789 Melrose Court";"sdallas19@ucoz.com";"Male"
"47";"Yetty";"91 Stuart Parkway";"ydragonette1a@sina.com.cn";"Female"
"48";"Edi";"0116 East Way";"eabry1b@buzzfeed.com";"Female"
"49";"Flossi";"577 Crowley Place";"fkimbrough1c@dion.ne.jp";"Female"
